{
    "base_link":[],
    "Finger1_Link2_box":[],
    "Finger1_Link1_box":[],
    "Finger1_Link1_capsule":[],
    "test_link":[],
    "test_link2":[],
    "Thumb_Side_Gear_Link_child":[],
    "Thumb_Link1_child":[[0.01190041, 0.01076209, 0.00581071],
                        [0.04428288, 0.01022877, -0.00735208],
                        [0.03584231, 0.01027684, 0.00664415],
                        [0.01253993, 0.01130644, -0.00016194],
                        [0.00670741, 0.00622196, -0.00550000],
                        [0.03350923, 0.01146237, -0.00160590],
                        [0.04428380, 0.01022880, 0.00735212],
                        [0.01177363, 0.01071763, -0.00576313],
                        [0.02382147, 0.01118354, 0.00204781],
                        [0.01254024, 0.01130678, 0.00000000],
                        [0.03598302, 0.01011688, -0.00701700],
                        [0.02591293, 0.01127374, 0.00000000],
                        [0.00950730, 0.00822859, 0.00200000],
                        [0.03349968, 0.01150513, 0.00000000]],
    "Thumb_Link2_child":[[0.02810129, -0.00066841, -0.00382156],
                        [0.01482232, 0.00478030, 0.00454267],
                        [0.01254487, 0.00559966, -0.00505047],
                        [0.03581563, -0.00428667, -0.00000000],
                        [-0.00004510, 0.00499980, 0.00580000],
                        [0.02726141, 0.00008785, 0.00000000],
                        [0.03466826, -0.00442421, -0.00508246],
                        [0.01277564, 0.00575633, -0.00406110],
                        [0.01242230, 0.00557157, 0.00500988],
                        [0.02374512, 0.00122678, 0.00392140],
                        [0.01313203, 0.00600999, 0.00000000],
                        [-0.00004510, 0.00499980, -0.00320000],
                        [0.03382944, -0.00418862, 0.00549491],
                        [0.02088672, 0.00285742, -0.00087163]],
    "Finger1_Link1_child":[[0.00896713, 0.00737005, -0.00220000],
                            [0.03608134, 0.00908868, -0.00676376],
                            [0.03387554, 0.01034619, -0.00000000],
                            [0.01287037, 0.01081830, 0.00200092],
                            [0.04448726, 0.00869983, -0.00734770],
                            [0.01209314, 0.01017381, -0.00633279],
                            [0.01209307, 0.01017374, 0.00633295],
                            [0.03583460, 0.00916780, 0.00664529],
                            [0.03388362, 0.01030313, -0.00160590],
                            [0.02419200, 0.01035765, -0.00204782],
                            [0.01292169, 0.01086880, -0.00000000],
                            [0.04448726, 0.00869983, 0.00734769],
                            [0.00896713, 0.00737005, 0.00220000],
                            [0.02034432, 0.01053462, -0.00000000]], 
    "Finger1_Link2_child":[[0.01312590, 0.00600551, 0.00055826],
                            [0.03382944, -0.00418862, 0.00549491],
                            [0.01313203, 0.00601000, 0.00000000],
                            [0.02720534, -0.00050924, -0.00458536],
                            [-0.00004510, 0.00499980, 0.00580000],
                            [0.01906354, 0.00362130, 0.00000000],
                            [0.03466826, -0.00442421, -0.00508246],
                            [-0.00004510, 0.00499980, -0.00320000],
                            [0.02051230, 0.00153774, 0.00640065],
                            [0.03581563, -0.00428667, -0.00000000],
                            [0.01232919, 0.00545775, 0.00569205],
                            [0.01232920, 0.00545775, -0.00569204],
                            [0.02071019, 0.00264330, -0.00339259],
                            [0.02726142, 0.00008785, 0.00000000]], 
    "Finger2_Link1_child":[[0.03630967, 0.00887336, -0.00701700],
                            [0.01209314, 0.01017381, -0.00633279],
                            [0.01287037, 0.01081830, 0.00200092],
                            [0.04448727, 0.00869983, 0.00734769],
                            [0.02034433, 0.01053462, 0.00000000],
                            [0.00949281, 0.00790492, 0.00100000],
                            [0.03387555, 0.01034620, 0.00000000],
                            [0.01209307, 0.01017375, 0.00633296],
                            [0.00690617, 0.00598166, -0.00370000],
                            [0.03388362, 0.01030313, -0.00160590],
                            [0.04448727, 0.00869983, -0.00734769],
                            [0.02419200, 0.01035766, -0.00204781],
                            [0.01292169, 0.01086880, 0.00000000],
                            [0.03566483, 0.00917256, 0.00656011]], 
    "Finger2_Link2_child":[[0.03466826, -0.00442421, -0.00508246],
                            [-0.00004510, 0.00499980, -0.00320000],
                            [0.02051230, 0.00153774, 0.00640065],
                            [0.02726142, 0.00008785, 0.00000000],
                            [0.01232920, 0.00545775, 0.00569205],
                            [0.02071019, 0.00264330, -0.00339259],
                            [0.03581564, -0.00428667, -0.00000000],
                            [0.03466826, -0.00442421, 0.00508246],
                            [0.01312590, 0.00600551, 0.00055826],
                            [0.02720534, -0.00050924, -0.00458536],
                            [0.01313203, 0.00601000, 0.00000000],
                            [-0.00004510, 0.00499980, 0.00580000],
                            [0.01232920, 0.00545775, -0.00569204],
                            [0.01906354, 0.00362130, 0.00000000]], 
    "Finger3_Link1_child":[[0.01209307, 0.01017375, 0.00633296],
                            [0.03387555, 0.01034619, 0.00000000],
                            [0.01209314, 0.01017381, -0.00633279],
                            [0.04448727, 0.00869983, 0.00734769],
                            [0.04448727, 0.00869983, -0.00734769],
                            [0.01292169, 0.01086880, 0.00000000],
                            [0.03388263, 0.01030841, 0.00150549],
                            [0.02419200, 0.01035766, -0.00204781],
                            [0.03566483, 0.00917256, -0.00656010],
                            [0.00896713, 0.00737005, 0.00220000],
                            [0.03617455, 0.00903807, 0.00664415],
                            [0.00888583, 0.00722825, -0.00220000],
                            [0.01287037, 0.01081830, 0.00200093],
                            [0.02034433, 0.01053462, 0.00000000]], 
    "Finger3_Link2_child":[[0.01277565, 0.00575633, -0.00406110],
                            [0.03581564, -0.00428667, -0.00000000],
                            [0.01406011, 0.00494969, 0.00495148],
                            [0.01263863, 0.00560193, 0.00495252],
                            [0.02810130, -0.00066840, -0.00382156],
                            [-0.00004510, 0.00499980, -0.00320000],
                            [0.01254487, 0.00559967, -0.00505047],
                            [-0.00004510, 0.00499980, 0.00580000],
                            [0.03466826, -0.00442421, -0.00508246],
                            [0.02726142, 0.00008785, 0.00000000],
                            [0.01313203, 0.00601000, 0.00000000],
                            [0.03466826, -0.00442421, 0.00508246],
                            [0.02088673, 0.00285742, -0.00087163],
                            [0.02374513, 0.00122679, 0.00392140]],