{
    "base_link":[],
    "Thumb_Side_Gear_Link_child":[],
    "Thumb_Link1_child":[[0.04604782, 0.01183456, 0.00405689],
    [0.00075446, 0.00884479, -0.00279795],
    [0.04154573, 0.01222572, -0.00523018],
    [0.00519156, 0.00929918, 0.00555472],
    [0.04708010, 0.01151172, -0.00358449],
    [-0.00022109, 0.00838785, 0.00206518],
    [0.00288234, 0.00942944, -0.00404806],
    [0.04152950, 0.01255254, 0.00451836],
    [0.00507865, 0.01072503, 0.00019920],
    [0.04145487, 0.01348560, 0.00016721],
    [-0.00113593, 0.00787190, 0.00016791],
    [0.04896113, 0.01091804, 0.00011218],
    [0.00182289, 0.00889832, 0.00427689],
    [0.00513538, 0.00992671, -0.00417894]],
    "Thumb_Link2_child":[[0.04099707, -0.00313906, -0.00171976],
    [0.00494592, 0.00835444, 0.00006586],
    [0.03240418, -0.01871297, -0.00471380],
    [0.03742499, -0.00168234, 0.00378701],
    [0.00086307, 0.00712724, -0.00292618],
    [0.03742489, -0.00164506, -0.00375526],
    [0.00003254, 0.00696596, 0.00213512],
    [0.00363823, 0.00730982, -0.00430118],
    [0.03763658, -0.00094405, 0.00001943],
    [0.00363836, 0.00726670, 0.00442239],
    [0.04099712, -0.00315615, 0.00173675],
    [0.03730835, -0.00208334, 0.00465927],
    [-0.00074567, 0.00677093, 0.00005811],
    [0.03730822, -0.00203741, -0.00463144]],
    "Finger1_Link1_child":[[0.04641537, 0.00998469, -0.00466427],
    [-0.00086290, 0.00786408, -0.00070990],
    [0.04640451, 0.01026481, 0.00410437],
    [0.00553250, 0.00850715, 0.00652318],
    [0.04191007, 0.01113352, 0.00456435],
    [0.00544602, 0.01053703, 0.00021644],
    [0.04928974, 0.00925702, 0.00015795],
    [0.00552192, 0.00872409, -0.00615619],
    [0.04192216, 0.01082191, -0.00518987],
    [-0.00086399, 0.00789239, 0.00017645],
    [0.04186977, 0.01207608, 0.00021238],
    [0.00544741, 0.01050127, -0.00090299],
    [0.00111309, 0.00756728, -0.00553154],
    [0.00112260, 0.00737225, 0.00586668]], 
    "Finger1_Link2_child":[[0.04026254, -0.00238526, -0.00089470],
    [0.00008064, 0.00713293, 0.00145513],
    [0.00335389, 0.00635048, -0.00581415],
    [0.03730836, -0.00208334, 0.00465927],
    [0.03730823, -0.00203741, -0.00463144],
    [0.00493296, 0.00830569, 0.00100191],
    [0.00065973, 0.00639931, 0.00439129],
    [-0.00075441, 0.00674435, -0.00057201],
    [0.03763659, -0.00094405, 0.00001943],
    [0.00494592, 0.00835445, 0.00006586],
    [0.03751683, -0.00133699, -0.00284317],
    [0.04027513, -0.00234700, 0.00001246],
    [0.03700540, -0.00305912, -0.00624276],
    [0.03939284, -0.00197616, 0.00187788]], 
    "Finger2_Link1_child":[[-0.00086399, 0.00789240, 0.00017646],
    [0.04195625, 0.01004619, 0.00651907],
    [0.04187116, 0.01204031, -0.00090710],
    [0.00211943, 0.00895325, -0.00390937],
    [0.04838148, 0.00994484, -0.00071545],
    [0.00548634, 0.00959446, 0.00456840],
    [0.04840652, 0.00934517, -0.00329851],
    [0.00549841, 0.00928285, -0.00518582],
    [0.00212628, 0.00881294, 0.00429120],
    [-0.00086289, 0.00786408, -0.00070990],
    [0.04197307, 0.00961204, -0.00707118],
    [0.04839899, 0.00953957, 0.00278703],
    [0.00544603, 0.01053703, 0.00021643],
    [0.04186977, 0.01207607, 0.00021233]], 
    "Finger2_Link2_child":[[0.00169992, 0.00703055, 0.00400677],
    [0.03742490, -0.00164505, -0.00375526],
    [-0.00003424, 0.00676292, -0.00267881],
    [0.03730837, -0.00208334, 0.00465927],
    [0.03939284, -0.00197616, 0.00187788],
    [0.00169981, 0.00706957, -0.00388787],
    [-0.00003416, 0.00673586, 0.00279480],
    [0.00573257, 0.00754053, 0.00379435],
    [-0.00155564, 0.00618526, 0.00005522],
    [0.03730823, -0.00203741, -0.00463144],
    [0.00671283, 0.00738670, -0.00371018],
    [0.04027513, -0.00234700, 0.00001246],
    [0.03763659, -0.00094405, 0.00001943],
    [0.00494592, 0.00835445, 0.00006586]], 
    "Finger3_Link1_child":[[-0.00086289, 0.00786408, -0.00070990],
    [0.04187303, 0.01200203, 0.00132988],
    [0.04186977, 0.01207607, 0.00021233],
    [0.00549841, 0.00928285, -0.00518581],
    [0.00544603, 0.01053702, 0.00021644],
    [0.04838038, 0.00997316, 0.00017091],
    [0.04840652, 0.00934517, -0.00329851],
    [0.04838918, 0.00976954, 0.00193062],
    [0.04198517, 0.00936431, 0.00740710],
    [0.00211943, 0.00895325, -0.00390937],
    [0.00212628, 0.00881294, 0.00429120],
    [-0.00086399, 0.00789240, 0.00017646],
    [0.00548634, 0.00959446, 0.00456840],
    [0.04194566, 0.01026313, -0.00616029]], 
    "Finger3_Link2_child":[[0.03835255, -0.00201543, -0.00371840],
    [-0.00074566, 0.00677093, 0.00005811],
    [0.03742500, -0.00168234, 0.00378701],
    [0.00350652, 0.00686581, -0.00508224],
    [0.00374789, 0.00764322, 0.00360338],
    [0.03730822, -0.00203741, -0.00463144],
    [0.04027513, -0.00234700, 0.00001246],
    [0.03763659, -0.00094405, 0.00001943],
    [0.00494593, 0.00835444, 0.00006586],
    [0.04026257, -0.00239423, 0.00091919],
    [0.00086315, 0.00709772, 0.00304573],
    [0.03730836, -0.00208334, 0.00465927],
    [0.00077069, 0.00681658, -0.00361993],
    [0.03640105, -0.00518624, 0.00819235]], 
    "Finger4_Link1_child":[[0.00211943, 0.00895325, -0.00390937],
    [0.04186977, 0.01207607, 0.00021233],
    [0.00212628, 0.00881294, 0.00429120],
    [0.04190279, 0.01128294, -0.00416940],
    [-0.00086141, 0.00783378, 0.00106132],
    [0.04839899, 0.00953958, 0.00278703],
    [0.04839461, 0.00962933, -0.00245855],
    [0.04191009, 0.01113351, 0.00456430],
    [0.00544603, 0.01053703, 0.00021643],
    [0.00549841, 0.00928286, -0.00518582],
    [0.04639795, 0.01039913, -0.00374692],
    [0.00548634, 0.00959446, 0.00456840],
    [0.04640452, 0.01026479, 0.00410432],
    [-0.00086399, 0.00789240, 0.00017646]], 
    "Finger4_Link2_child":[[0.03932859, -0.00219918, 0.00278611],
    [-0.00075438, 0.00673812, 0.00068793],
    [0.03763659, -0.00094405, 0.00001943],
    [0.03932851, -0.00217176, -0.00275956],
    [0.00363836, 0.00726670, 0.00442239],
    [0.00363824, 0.00730982, -0.00430118],
    [0.03944460, -0.00179087, 0.00001522],
    [0.03716794, -0.00251029, -0.00546327],
    [0.00086307, 0.00712724, -0.00292618],
    [0.03716809, -0.00256442, 0.00548640],
    [0.00494593, 0.00835444, 0.00006586],
    [0.00169993, 0.00703054, 0.00400677],
    [0.03762319, -0.00098480, -0.00094670],
    [-0.00075440, 0.00674435, -0.00057201]]
}